INSERT INTO gouniver.exams (id, subject) VALUES (6, 'biology');
INSERT INTO gouniver.exams (id, subject) VALUES (5, 'chemistry');
INSERT INTO gouniver.exams (id, subject) VALUES (9, 'creativity');
INSERT INTO gouniver.exams (id, subject) VALUES (8, 'foreign_lang');
INSERT INTO gouniver.exams (id, subject) VALUES (7, 'geography');
INSERT INTO gouniver.exams (id, subject) VALUES (3, 'math');
INSERT INTO gouniver.exams (id, subject) VALUES (4, 'physics');
INSERT INTO gouniver.exams (id, subject) VALUES (2, 'ua_history');
INSERT INTO gouniver.exams (id, subject) VALUES (1, 'ua_lang_lit');
INSERT INTO gouniver.major_exams (id, major_id, exam_id) VALUES (1, 1, 1);
INSERT INTO gouniver.major_exams (id, major_id, exam_id) VALUES (2, 1, 3);
INSERT INTO gouniver.major_exams (id, major_id, exam_id) VALUES (3, 1, 4);
INSERT INTO gouniver.major_exams (id, major_id, exam_id) VALUES (4, 2, 1);
INSERT INTO gouniver.major_exams (id, major_id, exam_id) VALUES (5, 2, 2);
INSERT INTO gouniver.major_exams (id, major_id, exam_id) VALUES (6, 2, 7);
INSERT INTO gouniver.major_exams (id, major_id, exam_id) VALUES (7, 3, 1);
INSERT INTO gouniver.major_exams (id, major_id, exam_id) VALUES (8, 3, 2);
INSERT INTO gouniver.major_exams (id, major_id, exam_id) VALUES (9, 3, 8);
INSERT INTO gouniver.major_exams (id, major_id, exam_id) VALUES (10, 4, 1);
INSERT INTO gouniver.major_exams (id, major_id, exam_id) VALUES (11, 4, 3);
INSERT INTO gouniver.major_exams (id, major_id, exam_id) VALUES (12, 4, 8);
INSERT INTO gouniver.major_exams (id, major_id, exam_id) VALUES (13, 5, 1);
INSERT INTO gouniver.major_exams (id, major_id, exam_id) VALUES (14, 5, 2);
INSERT INTO gouniver.major_exams (id, major_id, exam_id) VALUES (15, 5, 9);
INSERT INTO gouniver.major_exams (id, major_id, exam_id) VALUES (16, 6, 1);
INSERT INTO gouniver.major_exams (id, major_id, exam_id) VALUES (17, 6, 8);
INSERT INTO gouniver.major_exams (id, major_id, exam_id) VALUES (18, 6, 7);
INSERT INTO gouniver.major_exams (id, major_id, exam_id) VALUES (19, 7, 1);
INSERT INTO gouniver.major_exams (id, major_id, exam_id) VALUES (20, 7, 3);
INSERT INTO gouniver.major_exams (id, major_id, exam_id) VALUES (21, 7, 8);
INSERT INTO gouniver.major_exams (id, major_id, exam_id) VALUES (22, 8, 1);
INSERT INTO gouniver.major_exams (id, major_id, exam_id) VALUES (23, 8, 2);
INSERT INTO gouniver.major_exams (id, major_id, exam_id) VALUES (24, 8, 3);
INSERT INTO gouniver.major_exams (id, major_id, exam_id) VALUES (25, 9, 1);
INSERT INTO gouniver.major_exams (id, major_id, exam_id) VALUES (26, 9, 3);
INSERT INTO gouniver.major_exams (id, major_id, exam_id) VALUES (27, 9, 4);
INSERT INTO gouniver.major_exams (id, major_id, exam_id) VALUES (28, 10, 1);
INSERT INTO gouniver.major_exams (id, major_id, exam_id) VALUES (29, 10, 5);
INSERT INTO gouniver.major_exams (id, major_id, exam_id) VALUES (30, 10, 3);
INSERT INTO gouniver.major_exams (id, major_id, exam_id) VALUES (31, 11, 1);
INSERT INTO gouniver.major_exams (id, major_id, exam_id) VALUES (32, 11, 3);
INSERT INTO gouniver.major_exams (id, major_id, exam_id) VALUES (33, 11, 4);
INSERT INTO gouniver.major_exams (id, major_id, exam_id) VALUES (34, 12, 1);
INSERT INTO gouniver.major_exams (id, major_id, exam_id) VALUES (35, 12, 2);
INSERT INTO gouniver.major_exams (id, major_id, exam_id) VALUES (36, 12, 9);
INSERT INTO gouniver.major_exams (id, major_id, exam_id) VALUES (37, 13, 1);
INSERT INTO gouniver.major_exams (id, major_id, exam_id) VALUES (38, 13, 6);
INSERT INTO gouniver.major_exams (id, major_id, exam_id) VALUES (39, 13, 3);
INSERT INTO gouniver.major_exams (id, major_id, exam_id) VALUES (40, 14, 1);
INSERT INTO gouniver.major_exams (id, major_id, exam_id) VALUES (41, 14, 6);
INSERT INTO gouniver.major_exams (id, major_id, exam_id) VALUES (42, 14, 5);
INSERT INTO gouniver.major_exams (id, major_id, exam_id) VALUES (43, 15, 1);
INSERT INTO gouniver.major_exams (id, major_id, exam_id) VALUES (44, 15, 2);
INSERT INTO gouniver.major_exams (id, major_id, exam_id) VALUES (45, 15, 9);
INSERT INTO gouniver.majors (id, title) VALUES (13, 'Agriculture');
INSERT INTO gouniver.majors (id, title) VALUES (12, 'Architecture');
INSERT INTO gouniver.majors (id, title) VALUES (10, 'Chemical Techologies');
INSERT INTO gouniver.majors (id, title) VALUES (1, 'Computer Science');
INSERT INTO gouniver.majors (id, title) VALUES (15, 'Design');
INSERT INTO gouniver.majors (id, title) VALUES (4, 'Economics');
INSERT INTO gouniver.majors (id, title) VALUES (11, 'Electronics');
INSERT INTO gouniver.majors (id, title) VALUES (2, 'History');
INSERT INTO gouniver.majors (id, title) VALUES (6, 'Journalism');
INSERT INTO gouniver.majors (id, title) VALUES (8, 'Law');
INSERT INTO gouniver.majors (id, title) VALUES (9, 'Mechanical Engineering');
INSERT INTO gouniver.majors (id, title) VALUES (14, 'Medicine');
INSERT INTO gouniver.majors (id, title) VALUES (5, 'Music');
INSERT INTO gouniver.majors (id, title) VALUES (3, 'Philology');
INSERT INTO gouniver.majors (id, title) VALUES (7, 'Sociology');
INSERT INTO gouniver.marks (id, student_id, exam_id, mark) VALUES (1, 1, 6, 190);
INSERT INTO gouniver.marks (id, student_id, exam_id, mark) VALUES (2, 1, 5, 150);
INSERT INTO gouniver.marks (id, student_id, exam_id, mark) VALUES (3, 5, 1, 200);
INSERT INTO gouniver.marks (id, student_id, exam_id, mark) VALUES (4, 5, 2, 160);
INSERT INTO gouniver.marks (id, student_id, exam_id, mark) VALUES (5, 5, 8, 190);
INSERT INTO gouniver.student_majors (id, student_id, major_id) VALUES (1, 1, 14);
INSERT INTO gouniver.student_majors (id, student_id, major_id) VALUES (2, 5, 3);
INSERT INTO gouniver.student_majors (id, student_id, major_id) VALUES (3, 5, 6);
INSERT INTO gouniver.userEntities (id, email, password, first_name, last_name, isadmin) VALUES (0, 'god@godmail.god', 'god', 'God', 'God', 1);
INSERT INTO gouniver.userEntities (id, email, password, first_name, last_name, isadmin) VALUES (1, 'pavlov@dog.com', '123', 'Dog', 'Pavlov', 0);
INSERT INTO gouniver.userEntities (id, email, password, first_name, last_name, isadmin) VALUES (2, 'potter@hogwarts.edu', '123', 'Harry', 'Potter', 0);
INSERT INTO gouniver.userEntities (id, email, password, first_name, last_name, isadmin) VALUES (3, 'nelokh@mail.ru', '123', 'Ne', 'Lokh', 0);
INSERT INTO gouniver.userEntities (id, email, password, first_name, last_name, isadmin) VALUES (4, 'nechuy@ukr.net', '123', 'Ivan', 'Nechuy-Levytsky', 0);
INSERT INTO gouniver.userEntities (id, email, password, first_name, last_name, isadmin) VALUES (5, 'macho1863@yahoo.com', '123', 'Olha', 'Kobylianska', 0);
INSERT INTO gouniver.userEntities (id, email, password, first_name, last_name, isadmin) VALUES (6, 'mascot@disney.com', '123', 'Mickey', 'Mouse', 0);
INSERT INTO gouniver.userEntities (id, email, password, first_name, last_name, isadmin) VALUES (7, 'billie@gmail.com', '123', 'Billie', 'Holiday', 0);
INSERT INTO gouniver.userEntities (id, email, password, first_name, last_name, isadmin) VALUES (8, 'count@transylmail.ro', '123', 'Count', 'Dracula', 0);
INSERT INTO gouniver.userEntities (id, email, password, first_name, last_name, isadmin) VALUES (9, 'beatles@royalmail.uk', '123', 'Michelle', 'Mabelle', 0);
INSERT INTO gouniver.userEntities (id, email, password, first_name, last_name, isadmin) VALUES (10, 'moviestar@cornhub.com', '123', 'Sasha', 'Grey', 0);
INSERT INTO gouniver.userEntities (id, email, password, first_name, last_name, isadmin) VALUES (11, 'tolia49@i.ua', '123', 'Prodam', 'Samokat', 0);
INSERT INTO gouniver.userEntities (id, email, password, first_name, last_name, isadmin) VALUES (12, 'heroyam@slava.ua', '123', 'Stepan', 'Bandera', 0);
INSERT INTO gouniver.userEntities (id, email, password, first_name, last_name, isadmin) VALUES (13, 'legalize@jamail.jah', '123', 'Bob', 'Marley', 0);
INSERT INTO gouniver.userEntities (id, email, password, first_name, last_name, isadmin) VALUES (14, 'virgin@paradise.org', '123', 'Mary', 'Virgin', 0);
INSERT INTO gouniver.userEntities (id, email, password, first_name, last_name, isadmin) VALUES (15, 'krevetko@seafood.org', '111', 'Shrimp', 'Azovsky', 1);